seed,converged_epoch,best_val_loss,pred_min_mwh,pred_max_mwh,pred_std_mwh
0,30,0.000417,70.21,309.84,50.35
1,30,0.000452,69.65,305.31,50.13
2,30,0.000354,75.94,311.83,50.45
3,30,0.000423,72.42,307.03,50.25
4,30,0.000392,73.6,316.28,51.12
5,30,0.000407,69.63,314.71,51.13
6,30,0.000444,72.98,303.05,48.84
7,30,0.0004,73.33,322.08,50.68
8,30,0.000355,72.92,309.51,50.23
9,30,0.000383,70.73,306.84,51.36
