seed,converged_epoch,best_val_loss,pred_min_mwh,pred_max_mwh,pred_std_mwh
0,30,0.000241,331.38,1725.17,325.94
1,30,0.000237,286.54,1693.44,321.52
2,30,0.000193,326.41,1727.17,323.56
3,30,0.000245,330.73,1707.63,323.11
4,30,0.000188,312.56,1723.23,318.95
5,30,0.000231,265.24,1747.56,326.21
6,30,0.000234,311.82,1719.43,322.16
7,30,0.000246,307.5,1722.92,324.58
8,30,0.000234,307.58,1713.41,321.44
9,30,0.000281,300.29,1702.8,316.53
